{"pitch": [-2.6973486787846386, 7.65483253199182, 204.51324470775933, 75.8200993131923], "energy": [-1.1487126350402832, 6.671812534332275, 38.87122633894663, 33.83894621092788]}